{
  "scale" : 0.4996718,
  "baseX" : 0.6493289,
  "baseY" : 0.9883289
}