{
  "scale" : 0.4990248,
  "baseX" : 0.4921773,
  "baseY" : 0.9873636
}