{
  "scale" : 0.4997854,
  "baseX" : 0.453125,
  "baseY" : 0.9862671
}