{
  "scale" : 0.4990251,
  "baseX" : 0.4096386,
  "baseY" : 0.9869646
}