{
  "scale" : 0.5008378999999999,
  "baseX" : 0.4096386,
  "baseY" : 0.9869646
}