{
  "scale" : 0.4993191,
  "baseX" : 0.4921773,
  "baseY" : 0.9873636
}