{
  "scale" : 0.4990983,
  "baseX" : 0.453125,
  "baseY" : 0.9862671
}