{
  "scale" : 0.501366,
  "baseX" : 0.4586149,
  "baseY" : 0.9845393
}