{
  "scale" : 0.4990352,
  "baseX" : 0.4586149,
  "baseY" : 0.9845393
}