{
  "scale" : 0.4992971,
  "baseX" : 0.3442703,
  "baseY" : 1.184466
}