{
  "scale" : 0.4990432,
  "baseX" : 0.3631124,
  "baseY" : 1.188494
}