{
  "scale" : 0.499042,
  "baseX" : 0.3631124,
  "baseY" : 1.188494
}