{
  "scale" : 0.4990287,
  "baseX" : 0.3493562,
  "baseY" : 0.9873345
}