{
  "scale" : 0.500159,
  "baseX" : 0.3493562,
  "baseY" : 0.9873345
}