{
  "scale" : 0.5104735,
  "baseX" : 0.7564516,
  "baseY" : 0.9350775
}