{
  "scale" : 0.5090711999999999,
  "baseX" : 0.7564516,
  "baseY" : 0.9350775
}