{
  "scale" : 0.5099599,
  "baseX" : 0.6384688,
  "baseY" : 0.9780862
}