{
  "scale" : 0.509097,
  "baseX" : 0.7564516,
  "baseY" : 0.9350775
}