{
  "scale" : 0.5102159000000001,
  "baseX" : 0.1806555,
  "baseY" : 0.9428713
}