{
  "scale" : 0.5101552,
  "baseX" : 0.1806555,
  "baseY" : 0.9428713
}