{
  "scale" : 0.5079727000000001,
  "baseX" : 0.5375874,
  "baseY" : 0.9878675
}