{
  "scale" : 0.5080108,
  "baseX" : 0.5375874,
  "baseY" : 0.9878675
}