{
  "scale" : 0.510782,
  "baseX" : 0.5375874,
  "baseY" : 0.9878675
}