{
  "scale" : 0.5579086,
  "baseX" : 0.7631027,
  "baseY" : 0.9654842
}