{
  "scale" : 0.5573599,
  "baseX" : 0.7631027,
  "baseY" : 0.9654842
}