{
  "scale" : 0.5579913,
  "baseX" : 0.5854791,
  "baseY" : 0.9748667
}