{
  "scale" : 0.5484299,
  "baseX" : 0.6062925,
  "baseY" : 0.973822
}