{
  "scale" : 0.5488132,
  "baseX" : 0.6062925,
  "baseY" : 0.973822
}