{
  "scale" : 0.5482878,
  "baseX" : 0.0592503,
  "baseY" : 0.9868217
}