{
  "scale" : 0.5488098,
  "baseX" : 0.0592503,
  "baseY" : 0.9868217
}