{
  "scale" : 0.5482883,
  "baseX" : 0.08896492,
  "baseY" : 0.9374593
}