{
  "scale" : 0.5484321,
  "baseX" : 0.08896492,
  "baseY" : 0.9374593
}