{
  "scale" : 0.5484767,
  "baseX" : 0.4750605,
  "baseY" : 0.9748603
}