{
  "scale" : 0.5482353,
  "baseX" : 0.4750605,
  "baseY" : 0.9748603
}