{
  "scale" : 0.4967008,
  "baseX" : 0.6419271,
  "baseY" : 0.9809524
}