{
  "scale" : 0.4967008,
  "baseX" : 0.7659107,
  "baseY" : 3.226647
}