{
  "scale" : 0.4967008,
  "baseX" : 0.4075437,
  "baseY" : 0.9881145
}