{
  "scale" : 0.4967008,
  "baseX" : 0.5961539,
  "baseY" : 0.9893949
}