{
  "scale" : 0.5005131,
  "baseX" : 0.4271619,
  "baseY" : 0.9841719
}