{
  "scale" : 0.5005172,
  "baseX" : 0.3470032,
  "baseY" : 0.9847285
}