{
  "scale" : 0.5129818,
  "baseX" : 0.5085558,
  "baseY" : 0.9870074
}