{
  "scale" : 0.5144012,
  "baseX" : 0.4384449,
  "baseY" : 0.988692
}