{
  "scale" : 0.5140382,
  "baseX" : 0.2092857,
  "baseY" : 0.9649681
}