{
  "scale" : 0.514469,
  "baseX" : 0.5418423,
  "baseY" : 0.9124937
}