{
  "scale" : 0.5140733,
  "baseX" : 0.5418423,
  "baseY" : 0.9124937
}