{
  "scale" : 0.5133585000000001,
  "baseX" : 0.2092857,
  "baseY" : 0.9649681
}