{
  "scale" : 0.5131213999999999,
  "baseX" : 0.5085558,
  "baseY" : 0.9870074
}