{
  "scale" : 0.5135882000000001,
  "baseX" : 0.5085558,
  "baseY" : 0.9870074
}