{
  "scale" : 0.5139061,
  "baseX" : 0.4384449,
  "baseY" : 0.988692
}