{
  "scale" : 0.5135885,
  "baseX" : 0.4384449,
  "baseY" : 0.988692
}