{
  "scale" : 0.5136861,
  "baseX" : 0.2092857,
  "baseY" : 0.9649681
}