{
  "scale" : 0.514199,
  "baseX" : 0.4418247,
  "baseY" : 0.9834402
}