{
  "scale" : 0.5148486,
  "baseX" : 0.4418247,
  "baseY" : 0.9834402
}