{
  "scale" : 0.512026,
  "baseX" : 0.4165764,
  "baseY" : 0.9852041
}