{
  "scale" : 0.5128506,
  "baseX" : 0.4165764,
  "baseY" : 0.9852041
}