{
  "scale" : 0.5139294,
  "baseX" : 0.4534121,
  "baseY" : 0.8742827
}