{
  "scale" : 0.4976448,
  "baseX" : 0.05118483,
  "baseY" : 1.602716
}