{
  "scale" : 0.4978875,
  "baseX" : 1.041117,
  "baseY" : 1.019988
}