{
  "scale" : 0.4977994,
  "baseX" : 0.6025273,
  "baseY" : 1.151305
}