{
  "scale" : 0.4983021,
  "baseX" : 1.041117,
  "baseY" : 1.019988
}