{
  "scale" : 0.498649,
  "baseX" : 0.05118483,
  "baseY" : 1.602716
}