{
  "scale" : 0.4981568,
  "baseX" : 0.2030075,
  "baseY" : 1.729014
}