{
  "scale" : 0.4982899,
  "baseX" : 0.6712018,
  "baseY" : 1.221851
}