{
  "scale" : 0.4977877,
  "baseX" : 0.4184989,
  "baseY" : 1.593018
}