{
  "scale" : 0.4985822,
  "baseX" : 0.0681474,
  "baseY" : 1.184857
}