{
  "scale" : 0.497669,
  "baseX" : 1.041117,
  "baseY" : 1.019988
}