{
  "scale" : 0.4979287,
  "baseX" : 0.6025273,
  "baseY" : 1.151305
}