{
  "scale" : 0.4980396,
  "baseX" : 0.4942249,
  "baseY" : 1.159288
}