{
  "scale" : 0.4982715,
  "baseX" : 0.4184989,
  "baseY" : 1.593018
}