{
  "scale" : 0.4979624,
  "baseX" : 0.3059459,
  "baseY" : 1.39864
}