{
  "scale" : 0.4978147,
  "baseX" : 0.4184989,
  "baseY" : 1.593018
}