{
  "scale" : 0.4983936,
  "baseX" : 0.0681474,
  "baseY" : 1.184857
}