{
  "scale" : 0.4974822,
  "baseX" : 0.05118483,
  "baseY" : 1.602716
}