{
  "scale" : 0.4979369,
  "baseX" : 0.2315457,
  "baseY" : 1.146724
}