{
  "scale" : 0.4983177,
  "baseX" : 0.179235,
  "baseY" : 1.090079
}