{
  "scale" : 0.4978912,
  "baseX" : 0.2315457,
  "baseY" : 1.146724
}