{
  "scale" : 0.498304,
  "baseX" : 0.179235,
  "baseY" : 1.090079
}