{
  "scale" : 0.4990302,
  "baseX" : 0.179235,
  "baseY" : 1.090079
}