{
  "scale" : 0.4985957,
  "baseX" : 0.3583373,
  "baseY" : 1.067156
}