{
  "scale" : 0.497482,
  "baseX" : 0.3583373,
  "baseY" : 1.067156
}