{
  "scale" : 0.497788,
  "baseX" : 0.3483325,
  "baseY" : 3.614754
}