{
  "scale" : 0.4981704,
  "baseX" : 0.3583373,
  "baseY" : 1.067156
}