{
  "scale" : 0.4970588,
  "baseX" : 0.3483325,
  "baseY" : 3.614754
}