{
  "scale" : 0.4986272,
  "baseX" : 0.6337611,
  "baseY" : 1.10815
}