{
  "scale" : 0.498001,
  "baseX" : 0.3643178,
  "baseY" : 1.080065
}