{
  "scale" : 0.4987495,
  "baseX" : 0.3515439,
  "baseY" : 0.9737274
}