{
  "scale" : 0.4982073,
  "baseX" : 0.4625899,
  "baseY" : 1.111643
}