{
  "scale" : 0.5016171,
  "baseX" : 0.2805118,
  "baseY" : 0.9833921
}