{
  "scale" : 0.500204,
  "baseX" : 0.684707,
  "baseY" : 0.9628571
}