{
  "scale" : 0.499619,
  "baseX" : 0.684707,
  "baseY" : 0.9628571
}