{
  "scale" : 0.499936,
  "baseX" : 0.4390244,
  "baseY" : 0.9607946
}