{
  "scale" : 0.5002470999999999,
  "baseX" : 0.6359704,
  "baseY" : 0.9821556
}