{
  "scale" : 0.5007129,
  "baseX" : 0.6359704,
  "baseY" : 0.9821556
}