{
  "scale" : 0.5000115000000001,
  "baseX" : 0.6359704,
  "baseY" : 0.9821556
}