{
  "scale" : 0.5001329,
  "baseX" : 0.4390244,
  "baseY" : 0.9607946
}