{
  "scale" : 0.4996799,
  "baseX" : 0.3637532,
  "baseY" : 0.9822581
}