{
  "scale" : 0.3417575,
  "baseX" : 0.5149024,
  "baseY" : 0.9877946
}