{
  "scale" : 0.3417575,
  "baseX" : 0.5141509,
  "baseY" : 0.9468568
}