{
  "scale" : 0.3417575,
  "baseX" : 0.6113307,
  "baseY" : 1.046172
}