{
  "scale" : 0.3417575,
  "baseX" : 0.3192133,
  "baseY" : 0.9835369
}