{
  "scale" : 0.3417575,
  "baseX" : 0.214442,
  "baseY" : 0.9847369
}