{
  "scale" : 0.49547,
  "baseX" : 0.566932,
  "baseY" : 1
}