{
  "scale" : 0.49547,
  "baseX" : 0.5809187,
  "baseY" : 0.9996507
}