{
  "scale" : 0.49547,
  "baseX" : 0.619067,
  "baseY" : 1.000349
}