{
  "scale" : 0.49547,
  "baseX" : 0.5061526,
  "baseY" : 0.9989532
}