{
  "scale" : 0.49547,
  "baseX" : 0.5012087,
  "baseY" : 0.9986058
}