{
  "scale" : 0.49547,
  "baseX" : 0.6215699,
  "baseY" : 1
}