{
  "scale" : 0.3422211,
  "baseX" : 0.5665144,
  "baseY" : 0.9840837
}