{
  "scale" : 0.3417575,
  "baseX" : 0.5665144,
  "baseY" : 0.9840837
}