{
  "scale" : 0.3404326,
  "baseX" : 0.5665144,
  "baseY" : 0.9840837
}