{
  "scale" : 0.4968582,
  "baseX" : 0.3412025,
  "baseY" : 2.157176
}