{
  "scale" : 0.4967838,
  "baseX" : 0.3513514,
  "baseY" : 1.047854
}