{
  "scale" : 0.496689,
  "baseX" : 0.2965909,
  "baseY" : 1.036093
}