{
  "scale" : 0.4968703,
  "baseX" : 0.3513514,
  "baseY" : 1.047854
}