{
  "scale" : 0.496844,
  "baseX" : 0.3412025,
  "baseY" : 2.157176
}