{
  "scale" : 0.4969189,
  "baseX" : 0.3018066,
  "baseY" : 1.036384
}