{
  "scale" : 0.4968147,
  "baseX" : 0.2965909,
  "baseY" : 1.036093
}