{
  "scale" : 0.4966669,
  "baseX" : 0.449359,
  "baseY" : 2.113946
}