{
  "scale" : 0.496852,
  "baseX" : 0.4037559,
  "baseY" : 1.04069
}