{
  "scale" : 0.496733,
  "baseX" : 0.4112094,
  "baseY" : 1.052515
}