{
  "scale" : 0.4966613,
  "baseX" : 0.4112094,
  "baseY" : 1.052515
}