{
  "scale" : 0.4967681,
  "baseX" : 0.4112094,
  "baseY" : 1.052515
}