{
  "scale" : 0.4968783,
  "baseX" : 0.4037559,
  "baseY" : 1.04069
}