{
  "scale" : 0.4967302,
  "baseX" : 0.4037559,
  "baseY" : 1.04069
}