{
  "scale" : 0.4967971,
  "baseX" : 0.3649085,
  "baseY" : 1.043767
}