{
  "scale" : 0.49667,
  "baseX" : 0.5581051,
  "baseY" : 1.072112
}