{
  "scale" : 0.4967593,
  "baseX" : 0.5581051,
  "baseY" : 1.072112
}