{
  "scale" : 0.4967819,
  "baseX" : 0.5581051,
  "baseY" : 1.072112
}