{
  "scale" : 0.4968997,
  "baseX" : 0.3649085,
  "baseY" : 1.043767
}