{
  "scale" : 0.496893,
  "baseX" : 0.28009,
  "baseY" : 1.040475
}