{
  "scale" : 0.4967611,
  "baseX" : 0.28009,
  "baseY" : 1.040475
}