{
  "scale" : 0.4968778,
  "baseX" : 0.28009,
  "baseY" : 1.040475
}