{
  "scale" : 0.5291969,
  "baseX" : 0.3852573,
  "baseY" : 0.9837557
}