{
  "scale" : 0.5292008,
  "baseX" : 0.3852573,
  "baseY" : 0.9837557
}