{
  "scale" : 0.5291939,
  "baseX" : 0.387883,
  "baseY" : 0.9823989
}