{
  "scale" : 0.5291881000000001,
  "baseX" : 0.387883,
  "baseY" : 0.9823989
}