{
  "scale" : 0.5291877,
  "baseX" : 0.2484375,
  "baseY" : 0.9831059
}