{
  "scale" : 0.5292049,
  "baseX" : 0.2484375,
  "baseY" : 0.9831059
}