{
  "scale" : 0.5292015,
  "baseX" : 0.2092105,
  "baseY" : 0.9837451
}