{
  "scale" : 0.5291913,
  "baseX" : 0.2092105,
  "baseY" : 0.9837451
}