{
  "scale" : 0.5292019,
  "baseX" : 0.4610884,
  "baseY" : 0.9772136
}