{
  "scale" : 0.5291873,
  "baseX" : 0.2325175,
  "baseY" : 0.9837451
}