{
  "scale" : 0.5287263,
  "baseX" : 0.6470588,
  "baseY" : 0.983454
}