{
  "scale" : 0.529134,
  "baseX" : 0.6470588,
  "baseY" : 0.983454
}