{
  "scale" : 0.5293385,
  "baseX" : 0.7420118,
  "baseY" : 0.9789473
}