{
  "scale" : 0.5305313,
  "baseX" : 0.6470588,
  "baseY" : 0.983454
}