{
  "scale" : 0.5290869,
  "baseX" : 0.7420118,
  "baseY" : 0.9789473
}