{
  "scale" : 0.5285197,
  "baseX" : 0.355102,
  "baseY" : 0.9823563
}