{
  "scale" : 0.5281218,
  "baseX" : 0.355102,
  "baseY" : 0.9823563
}