{
  "scale" : 0.5303401,
  "baseX" : 0.355102,
  "baseY" : 0.9823563
}