{
  "scale" : 0.5291053999999999,
  "baseX" : 0.6118796,
  "baseY" : 0.9802834
}