{
  "scale" : 0.5293435,
  "baseX" : 0.6118796,
  "baseY" : 0.9802834
}