{
  "scale" : 0.529085,
  "baseX" : 0.6118796,
  "baseY" : 0.9802834
}