{
  "scale" : 0.508978,
  "baseX" : 0.5461884,
  "baseY" : 1.306002
}