{
  "scale" : 0.5089811,
  "baseX" : 0.2056419,
  "baseY" : 1.008993
}