{
  "scale" : 0.5089803000000001,
  "baseX" : 0.2056419,
  "baseY" : 1.008993
}