{
  "scale" : 0.5089759,
  "baseX" : 0.1286052,
  "baseY" : 3.097268
}