{
  "scale" : 0.5089754,
  "baseX" : 0.6129421,
  "baseY" : 1.009425
}