{
  "scale" : 0.5089799,
  "baseX" : 0.5461884,
  "baseY" : 1.306002
}