{
  "scale" : 0.5089756,
  "baseX" : 0.2212154,
  "baseY" : 1.009112
}