{
  "scale" : 0.5132611,
  "baseX" : 0.5,
  "baseY" : 0.9757662
}