{
  "scale" : 0.5132928,
  "baseX" : 0.5,
  "baseY" : 0.9757662
}