{
  "scale" : 0.5132657,
  "baseX" : 0.4351245,
  "baseY" : 0.9780731
}