{
  "scale" : 0.513258,
  "baseX" : 0.4351245,
  "baseY" : 0.9780731
}