{
  "scale" : 0.5007072,
  "baseX" : 0.2003665,
  "baseY" : 0.9807074
}