{
  "scale" : 0.500738,
  "baseX" : 0.59848,
  "baseY" : 0.9839817
}