{
  "scale" : 0.500713,
  "baseX" : 0.2003665,
  "baseY" : 0.9807074
}