{
  "scale" : 0.5003892,
  "baseX" : 0.2484177,
  "baseY" : 0.9837997
}