{
  "scale" : 0.5007229,
  "baseX" : 0.1877104,
  "baseY" : 0.9847134
}