{
  "scale" : 0.5007254,
  "baseX" : 0.440534,
  "baseY" : 0.9791946
}