{
  "scale" : 0.5007188,
  "baseX" : 0.2484177,
  "baseY" : 0.9837997
}