{
  "scale" : 0.5007104,
  "baseX" : 0.1744618,
  "baseY" : 0.9415584
}