{
  "scale" : 0.5006871000000001,
  "baseX" : 0.2484177,
  "baseY" : 0.9837997
}