{
  "scale" : 0.5007172,
  "baseX" : 0.59848,
  "baseY" : 0.9839817
}