{
  "scale" : 0.5007297000000001,
  "baseX" : 0.2003665,
  "baseY" : 0.9807074
}