{
  "scale" : 0.5006978,
  "baseX" : 0.440534,
  "baseY" : 0.9791946
}