{
  "scale" : 0.5007066999999999,
  "baseX" : 0.1744618,
  "baseY" : 0.9415584
}