{
  "scale" : 0.500738,
  "baseX" : 0.1877104,
  "baseY" : 0.9847134
}