{
  "scale" : 0.5007203,
  "baseX" : 0.3173293,
  "baseY" : 0.9766498
}