{
  "scale" : 0.5007153,
  "baseX" : 0.3173293,
  "baseY" : 0.9766498
}