{
  "scale" : 0.5007368,
  "baseX" : 0.3991597,
  "baseY" : 3.499659
}