{
  "scale" : 0.50074,
  "baseX" : 0.3943054,
  "baseY" : 0.9783784
}