{
  "scale" : 0.5007358,
  "baseX" : 0.3943054,
  "baseY" : 0.9783784
}