{
  "scale" : 0.550293,
  "baseX" : 0.4444946,
  "baseY" : 0.9862249
}