{
  "scale" : 0.5502928,
  "baseX" : 0.4444946,
  "baseY" : 0.9862249
}