{
  "scale" : 0.4642014,
  "baseX" : 0.7436823,
  "baseY" : 0.9673531
}