{
  "scale" : 0.4642275,
  "baseX" : 0.3600269,
  "baseY" : 1.17384
}