{
  "scale" : 0.4642307,
  "baseX" : 0.3853622,
  "baseY" : 1.183908
}