{
  "scale" : 0.4642389,
  "baseX" : 0.3978495,
  "baseY" : 0.9808269
}