{
  "scale" : 0.5562342,
  "baseX" : 0.4984227,
  "baseY" : 1.068301
}