{
  "scale" : 0.5562354,
  "baseX" : 0.3845252,
  "baseY" : 1.026194
}