{
  "scale" : 0.5562357999999999,
  "baseX" : 0.5594795,
  "baseY" : 1.008808
}