{
  "scale" : 0.5562363,
  "baseX" : 0.4963504,
  "baseY" : 1.090794
}