{
  "scale" : 0.5562335,
  "baseX" : 0.6455556,
  "baseY" : 1.004018
}