{
  "scale" : 0.5562336,
  "baseX" : 0.5772311,
  "baseY" : 0.9828572
}