{
  "scale" : 0.518409,
  "baseX" : 0.5559809,
  "baseY" : 0.9788079
}