{
  "scale" : 0.5184176,
  "baseX" : 0.5559809,
  "baseY" : 0.9788079
}