{
  "scale" : 0.5179811,
  "baseX" : 0.601707,
  "baseY" : 0.9789335
}