{
  "scale" : 0.5183793,
  "baseX" : 0.7198899,
  "baseY" : 0.9781601
}