{
  "scale" : 0.5201787,
  "baseX" : 0.5121413,
  "baseY" : 0.9781022
}