{
  "scale" : 0.5125311,
  "baseX" : 0.4556371,
  "baseY" : 0.902521
}