{
  "scale" : 0.515755,
  "baseX" : 0.4556371,
  "baseY" : 0.902521
}