{
  "scale" : 0.5130466,
  "baseX" : 0.5002608,
  "baseY" : 0.9779412
}