{
  "scale" : 0.5139129,
  "baseX" : 0.6592317,
  "baseY" : 0.9826525
}