{
  "scale" : 0.5134028,
  "baseX" : 0.1632896,
  "baseY" : 0.9767442
}