{
  "scale" : 0.5134767,
  "baseX" : 0.4556371,
  "baseY" : 0.902521
}