{
  "scale" : 0.5120915,
  "baseX" : 0.3566502,
  "baseY" : 0.9757662
}