{
  "scale" : 0.5133484,
  "baseX" : 0.4001297,
  "baseY" : 0.9757282
}