{
  "scale" : 0.5141693000000001,
  "baseX" : 0.4001297,
  "baseY" : 0.9757282
}