{
  "scale" : 0.5140663,
  "baseX" : 0.3985148,
  "baseY" : 0.9768746
}