{
  "scale" : 0.5134713,
  "baseX" : 0.9076028,
  "baseY" : 0.9763072
}