{
  "scale" : 0.513483,
  "baseX" : 0.619214,
  "baseY" : 0.9807569
}