{
  "scale" : 0.5134899000000001,
  "baseX" : 0.3590173,
  "baseY" : 2.582144
}