{
  "scale" : 0.5134974,
  "baseX" : 0.619214,
  "baseY" : 0.9807569
}