{
  "scale" : 0.5134892,
  "baseX" : 0.3590173,
  "baseY" : 2.582144
}