{
  "scale" : 0.5134848,
  "baseX" : 0.6642398,
  "baseY" : 0.977326
}