{
  "scale" : 0.5135234,
  "baseX" : 0.6676672,
  "baseY" : 0.9786608
}