{
  "scale" : 0.513523,
  "baseX" : 0.6676672,
  "baseY" : 0.9786608
}