{
  "scale" : 0.526486,
  "baseX" : 0.5592631,
  "baseY" : 0.9542373
}