{
  "scale" : 0.5264851,
  "baseX" : 0.5592631,
  "baseY" : 0.9542373
}