{
  "scale" : 0.515862,
  "baseX" : 0.4812967,
  "baseY" : 0.9577057
}