{
  "scale" : 0.5158436,
  "baseX" : 0.4812967,
  "baseY" : 0.9577057
}