{
  "scale" : 0.5158404,
  "baseX" : 0.4885892,
  "baseY" : 0.9567224
}