{
  "scale" : 0.5009837,
  "baseX" : 0.7607376,
  "baseY" : 0.9800677
}