{
  "scale" : 0.5009806,
  "baseX" : 0.5168229,
  "baseY" : 0.9082707
}