{
  "scale" : 0.5009968,
  "baseX" : 0.7607376,
  "baseY" : 0.9800677
}