{
  "scale" : 0.5010114,
  "baseX" : 0.414652,
  "baseY" : 0.9679335
}