{
  "scale" : 0.5009867,
  "baseX" : 0.414652,
  "baseY" : 0.9679335
}