{
  "scale" : 0.5027496,
  "baseX" : 0.31822,
  "baseY" : 0.971134
}