{
  "scale" : 0.5066037,
  "baseX" : 0.31822,
  "baseY" : 0.971134
}