{
  "scale" : 0.5011274,
  "baseX" : 0.31822,
  "baseY" : 0.971134
}