{
  "scale" : 0.5067319,
  "baseX" : 0.3880208,
  "baseY" : 1.122293
}