{
  "scale" : 0.5043415999999999,
  "baseX" : 0.3880208,
  "baseY" : 1.122293
}