{
  "scale" : 0.5038313,
  "baseX" : 0.5421779,
  "baseY" : 0.976802
}