{
  "scale" : 0.5081215,
  "baseX" : 0.5421779,
  "baseY" : 0.976802
}