{
  "scale" : 0.5039363,
  "baseX" : 0.5421779,
  "baseY" : 0.976802
}