{
  "scale" : 0.5468129,
  "baseX" : 0.446684,
  "baseY" : 0.9871001
}