{
  "scale" : 0.5468129,
  "baseX" : 0.776749,
  "baseY" : 0.9769703
}