{
  "scale" : 0.5468129,
  "baseX" : 0.4081439,
  "baseY" : 0.9779264
}