{
  "scale" : 0.5468129,
  "baseX" : 0.5507348,
  "baseY" : 0.980055
}