{
  "scale" : 0.5468129,
  "baseX" : 0.3184855,
  "baseY" : 0.9761904
}