{
  "scale" : 0.5468129,
  "baseX" : 0.7960109,
  "baseY" : 2.072664
}