{
  "scale" : 0.546246,
  "baseX" : 0.6452754,
  "baseY" : 0.9769585
}