{
  "scale" : 0.5468129,
  "baseX" : 0.6452754,
  "baseY" : 0.9769585
}