{
  "scale" : 0.5469015,
  "baseX" : 0.6452754,
  "baseY" : 0.9769585
}