{
  "scale" : 0.5093749,
  "baseX" : 0.4671654,
  "baseY" : 0.9746738
}