{
  "scale" : 0.5095032,
  "baseX" : 0.4671654,
  "baseY" : 0.9746738
}