{
  "scale" : 0.5102432,
  "baseX" : 0.4292893,
  "baseY" : 0.9618902
}