{
  "scale" : 0.509549,
  "baseX" : 0.4292893,
  "baseY" : 0.9618902
}