{
  "scale" : 0.5097857,
  "baseX" : 0.3261032,
  "baseY" : 7.503401
}