{
  "scale" : 0.5102394,
  "baseX" : 0.3261032,
  "baseY" : 7.503401
}