{
  "scale" : 0.5094811,
  "baseX" : 0.4551375,
  "baseY" : 0.9748667
}