{
  "scale" : 0.5100306999999999,
  "baseX" : 0.4551375,
  "baseY" : 0.9748667
}