{
  "scale" : 0.5127528,
  "baseX" : 0.772157,
  "baseY" : 0.981302
}