{
  "scale" : 0.512749,
  "baseX" : 0.772157,
  "baseY" : 0.981302
}