{
  "scale" : 0.5127912999999999,
  "baseX" : 0.3812636,
  "baseY" : 0.9813665
}