{
  "scale" : 0.5127801,
  "baseX" : 0.6863905,
  "baseY" : 0.9805987
}