{
  "scale" : 0.5128114,
  "baseX" : 0.6863905,
  "baseY" : 0.9805987
}