{
  "scale" : 0.5126789,
  "baseX" : 0.8952096,
  "baseY" : 0.9098485
}