{
  "scale" : 0.5127628,
  "baseX" : 0.3812636,
  "baseY" : 0.9813665
}