{
  "scale" : 0.5127697,
  "baseX" : 0.4478331,
  "baseY" : 0.9826551
}