{
  "scale" : 0.5127838,
  "baseX" : 0.3631415,
  "baseY" : 0.9817073
}