{
  "scale" : 0.512782,
  "baseX" : 0.3631415,
  "baseY" : 0.9817073
}