{
  "scale" : 0.512818,
  "baseX" : 0.7263374,
  "baseY" : 0.9770115
}