{
  "scale" : 0.5127003999999999,
  "baseX" : -0.02113114,
  "baseY" : 0.9798293
}