{
  "scale" : 0.5126882,
  "baseX" : -0.02113114,
  "baseY" : 0.9798293
}