{
  "scale" : 0.5127908,
  "baseX" : 0.7263374,
  "baseY" : 0.9770115
}