{
  "scale" : 0.5127716,
  "baseX" : 0.3267477,
  "baseY" : 0.9817073
}