{
  "scale" : 0.5172244,
  "baseX" : 0.369711,
  "baseY" : 1.895118
}