{
  "scale" : 0.5172276,
  "baseX" : 0.362423,
  "baseY" : 0.9770355
}