{
  "scale" : 0.5172309,
  "baseX" : 0.6161178,
  "baseY" : 0.9761418
}