{
  "scale" : 0.5172215999999999,
  "baseX" : 0.907767,
  "baseY" : 0.9465501
}