{
  "scale" : 0.5172141,
  "baseX" : 0.907767,
  "baseY" : 0.9465501
}