{
  "scale" : 0.5172428999999999,
  "baseX" : 0.45,
  "baseY" : 0.9035558
}