{
  "scale" : 0.517231,
  "baseX" : 0.6161178,
  "baseY" : 0.9761418
}