{
  "scale" : 0.5172335,
  "baseX" : 0.6161178,
  "baseY" : 0.9761418
}