{
  "scale" : 0.5172249,
  "baseX" : 0.45,
  "baseY" : 0.9035558
}