{
  "scale" : 0.5172217,
  "baseX" : 0.6045016,
  "baseY" : 0.9792556
}