{
  "scale" : 0.4967716,
  "baseX" : 0.7216711,
  "baseY" : 0.9636905
}