{
  "scale" : 0.4960995,
  "baseX" : 0.5993724,
  "baseY" : 1.542657
}