{
  "scale" : 0.4954486,
  "baseX" : 0.2224189,
  "baseY" : 0.9821966
}