{
  "scale" : 0.4964381,
  "baseX" : 0.5993724,
  "baseY" : 1.542657
}