{
  "scale" : 0.4967691,
  "baseX" : 0.6358997,
  "baseY" : 0.9857143
}