{
  "scale" : 1.01732,
  "baseX" : 0.2679528,
  "baseY" : 0.9556786
}