{
  "scale" : 1.017314,
  "baseX" : 0.2679528,
  "baseY" : 0.9556786
}