{
  "scale" : 1.017298,
  "baseX" : 0.4303371,
  "baseY" : 0.9627851
}