{
  "scale" : 0.5006444,
  "baseX" : 0.1100629,
  "baseY" : 1.045014
}