{
  "scale" : 0.5006754,
  "baseX" : 0.4130301,
  "baseY" : 1.085239
}