{
  "scale" : 0.500654,
  "baseX" : 0.4807407,
  "baseY" : 1.119272
}