{
  "scale" : 0.5005707,
  "baseX" : 0.3076663,
  "baseY" : 0.9860908
}