{
  "scale" : 0.5005856,
  "baseX" : 0.4116129,
  "baseY" : 0.9644323
}