{
  "scale" : 0.5007518,
  "baseX" : 0.488529,
  "baseY" : 0.9710345
}