{
  "scale" : 0.5006699999999999,
  "baseX" : 0.4917395,
  "baseY" : 0.9733788
}