{
  "scale" : 0.5007093,
  "baseX" : 0.5330677,
  "baseY" : 3.289733
}