{
  "scale" : 0.5005809,
  "baseX" : 0.4395085,
  "baseY" : 0.9740082
}