{
  "scale" : 0.5216507,
  "baseX" : 0.5998062,
  "baseY" : 0.9800138
}