{
  "scale" : 0.5216868,
  "baseX" : 0.5986842,
  "baseY" : 0.9340596
}