{
  "scale" : 0.2734118,
  "baseX" : 0.556534,
  "baseY" : 3.020343
}