{
  "scale" : 0.2735845,
  "baseX" : 0.6098142,
  "baseY" : 0.9840213
}