{
  "scale" : 0.2741485,
  "baseX" : 0.5584989,
  "baseY" : 0.9883885
}