{
  "scale" : 0.2735862,
  "baseX" : 0.6098142,
  "baseY" : 0.9840213
}