{
  "scale" : 0.2736083,
  "baseX" : 0.556534,
  "baseY" : 3.020343
}