{
  "scale" : 0.2734494,
  "baseX" : 0.556534,
  "baseY" : 3.020343
}