{
  "scale" : 0.2739988,
  "baseX" : 0.1375712,
  "baseY" : 0.9871963
}