{
  "scale" : 0.274098,
  "baseX" : 0.1375712,
  "baseY" : 0.9871963
}