{
  "scale" : 0.2739442,
  "baseX" : 0.5622443,
  "baseY" : 0.9888889
}