{
  "scale" : 0.2743526,
  "baseX" : 0.73056,
  "baseY" : 3.408751
}