{
  "scale" : 0.2744024,
  "baseX" : 0.73056,
  "baseY" : 3.407477
}