{
  "scale" : 0.273745,
  "baseX" : 0.3761682,
  "baseY" : 0.9851454
}