{
  "scale" : 0.2738155,
  "baseX" : 0.3761682,
  "baseY" : 0.9851454
}