{
  "scale" : 0.5033779,
  "baseX" : 0.474359,
  "baseY" : 0.9264532
}