{
  "scale" : 0.5033947,
  "baseX" : 0.511734,
  "baseY" : 0.931131
}