{
  "scale" : 0.5034224,
  "baseX" : 0.511734,
  "baseY" : 0.931131
}