{
  "scale" : 0.503391,
  "baseX" : 0.511734,
  "baseY" : 0.931131
}