{
  "scale" : 0.5669381999999999,
  "baseX" : 0.4502551,
  "baseY" : 0.8025773
}