{
  "scale" : 0.5669637,
  "baseX" : 0.7090909,
  "baseY" : 0.9257143
}