{
  "scale" : 0.566948,
  "baseX" : 0.7090909,
  "baseY" : 0.9257143
}