{
  "scale" : 0.5669491,
  "baseX" : 0.7542029,
  "baseY" : 0.7495872
}