{
  "scale" : 0.5669426,
  "baseX" : 0.7090909,
  "baseY" : 0.9257143
}