{
  "scale" : 0.5669380000000001,
  "baseX" : 0.4502551,
  "baseY" : 0.8025773
}