{
  "scale" : 0.5669468,
  "baseX" : 0.3682927,
  "baseY" : 0.9750268
}