{
  "scale" : 0.4860901,
  "baseX" : 0.5156118,
  "baseY" : 1.129771
}