{
  "scale" : 0.4862265,
  "baseX" : 0.9962707,
  "baseY" : 0.9970436
}