{
  "scale" : 0.485626,
  "baseX" : 1.108262,
  "baseY" : 3.170078
}