{
  "scale" : 0.4866352,
  "baseX" : 0.1959064,
  "baseY" : 1.213566
}