{
  "scale" : 0.4868715,
  "baseX" : 0.5156118,
  "baseY" : 1.129771
}