{
  "scale" : 0.4864489,
  "baseX" : 0.9962707,
  "baseY" : 0.9970436
}