{
  "scale" : 0.487699,
  "baseX" : 0.5156118,
  "baseY" : 1.129771
}