{
  "scale" : 0.4862479,
  "baseX" : 1.108262,
  "baseY" : 3.170078
}