{
  "scale" : 0.4868691,
  "baseX" : 1.108262,
  "baseY" : 3.170078
}