{
  "scale" : 0.4861537,
  "baseX" : 0.6911917,
  "baseY" : 0.994171
}