{
  "scale" : 0.4851986,
  "baseX" : 0.5251989,
  "baseY" : 3.042285
}