{
  "scale" : 0.4878897,
  "baseX" : 0.6911917,
  "baseY" : 0.994171
}