{
  "scale" : 0.4874255,
  "baseX" : 0.6911917,
  "baseY" : 0.994171
}