{
  "scale" : 0.4858295,
  "baseX" : 0.460733,
  "baseY" : 0.9834346
}