{
  "scale" : 0.4864892,
  "baseX" : 0.460733,
  "baseY" : 0.9834346
}