{
  "scale" : 0.486792,
  "baseX" : 0.460733,
  "baseY" : 0.9834346
}