{
  "scale" : 0.5698742999999999,
  "baseX" : 0.4379371,
  "baseY" : 0.9431655
}