{
  "scale" : 0.5706903,
  "baseX" : 0.3951328,
  "baseY" : 0.9662921
}