{
  "scale" : 0.5712116,
  "baseX" : 0.4379371,
  "baseY" : 0.9431655
}