{
  "scale" : 0.5708971,
  "baseX" : 0.334364,
  "baseY" : 0.9595675
}