{
  "scale" : 0.5709521,
  "baseX" : 0.334364,
  "baseY" : 0.9595675
}