{
  "scale" : 0.5693558,
  "baseX" : 0.334364,
  "baseY" : 0.9595675
}