{
  "scale" : 0.5677655,
  "baseX" : 0.308505,
  "baseY" : 0.9412942
}