{
  "scale" : 0.5708845,
  "baseX" : 0.308505,
  "baseY" : 0.9412942
}