{
  "scale" : 0.5701529,
  "baseX" : 0.4529837,
  "baseY" : 0.9501173
}