{
  "scale" : 0.5700536,
  "baseX" : 0.4529837,
  "baseY" : 0.9501173
}