{
  "scale" : 0.5707347,
  "baseX" : 0.3262271,
  "baseY" : 0.9430019
}