{
  "scale" : 0.5678426,
  "baseX" : 0.3262271,
  "baseY" : 0.9430019
}