{
  "scale" : 0.5009976,
  "baseX" : 0.7915058,
  "baseY" : 0.9745114
}