{
  "scale" : 0.5010074,
  "baseX" : 0.2663409,
  "baseY" : 0.9148014
}