{
  "scale" : 0.500949,
  "baseX" : 0.2663409,
  "baseY" : 0.9148014
}