{
  "scale" : 0.500891,
  "baseX" : 0.1921397,
  "baseY" : 0.9268471
}