{
  "scale" : 0.5009209999999999,
  "baseX" : 0.2663409,
  "baseY" : 0.9148014
}