{
  "scale" : 0.5008971,
  "baseX" : 0.1921397,
  "baseY" : 0.9268471
}