{
  "scale" : 0.5005825,
  "baseX" : 0.3193473,
  "baseY" : 0.982476
}