{
  "scale" : 0.500592,
  "baseX" : 0.3193473,
  "baseY" : 0.982476
}