{
  "scale" : 0.5008151,
  "baseX" : 0.3140334,
  "baseY" : 0.982466
}