{
  "scale" : 0.5007902,
  "baseX" : 0.3140334,
  "baseY" : 0.982466
}