{
  "scale" : 0.5,
  "baseX" : 0.6413623,
  "baseY" : 0.9772423
}