{
  "scale" : 0.6626985,
  "baseX" : 0.6258027,
  "baseY" : 0.9800276
}