{
  "scale" : 0.6638316,
  "baseX" : 0.6258027,
  "baseY" : 0.9800276
}