{
  "scale" : 0.6622462,
  "baseX" : 0.6258027,
  "baseY" : 0.9800276
}