{
  "scale" : 0.6691136,
  "baseX" : 0.3524735,
  "baseY" : 0.9826347
}