{
  "scale" : 0.6622459000000001,
  "baseX" : 0.3524735,
  "baseY" : 0.9826347
}