{
  "scale" : 0.6628513,
  "baseX" : 0.3524735,
  "baseY" : 0.9826347
}