{
  "scale" : 0.658829,
  "baseX" : 0.4664723,
  "baseY" : 0.9815286
}