{
  "scale" : 0.6628481000000001,
  "baseX" : 0.4664723,
  "baseY" : 0.9815286
}