{
  "scale" : 0.6610199,
  "baseX" : 0.4664723,
  "baseY" : 0.9815286
}