{
  "scale" : 0.5021932,
  "baseX" : 0.4530587,
  "baseY" : 0.9849624
}