{
  "scale" : 0.4642534,
  "baseX" : 0.1674074,
  "baseY" : 0.8911965
}