{
  "scale" : 0.463747,
  "baseX" : 0.1479973,
  "baseY" : 1.223529
}