{
  "scale" : 0.4637201,
  "baseX" : 0.1479973,
  "baseY" : 1.223529
}