{
  "scale" : 0.4640005,
  "baseX" : 0.1479973,
  "baseY" : 1.223529
}