{
  "scale" : 0.4638267,
  "baseX" : 0.4934948,
  "baseY" : 0.9742294
}