{
  "scale" : 0.4638115,
  "baseX" : 0.4934948,
  "baseY" : 0.9742294
}