{
  "scale" : 0.7052977,
  "baseX" : 0.8586839,
  "baseY" : 0.8910112
}