{
  "scale" : 0.7053120000000001,
  "baseX" : 0.6018032,
  "baseY" : 0.9713115
}