{
  "scale" : 0.502323,
  "baseX" : 0.3709132,
  "baseY" : 0.9920492
}