{
  "scale" : 0.5023246,
  "baseX" : 0.4326663,
  "baseY" : 0.9868106
}