{
  "scale" : 0.502323,
  "baseX" : 0.4326663,
  "baseY" : 0.9868106
}