{
  "scale" : 0.5943484999999999,
  "baseX" : 0.5574149,
  "baseY" : 0.9633375
}