{
  "scale" : 0.5951821,
  "baseX" : 0.5574149,
  "baseY" : 0.9633375
}