{
  "scale" : 0.5942781,
  "baseX" : 0.4624277,
  "baseY" : 0.9739524
}