{
  "scale" : 0.5949041,
  "baseX" : 0.4624277,
  "baseY" : 0.9739524
}