{
  "scale" : 0.5550202,
  "baseX" : 0.3657495,
  "baseY" : 0.9928358
}