{
  "scale" : 0.5541315999999999,
  "baseX" : 0.5034803,
  "baseY" : 0.9873484
}