{
  "scale" : 0.5548366,
  "baseX" : 0.5034803,
  "baseY" : 0.9873484
}