{
  "scale" : 0.554441,
  "baseX" : 0.5034803,
  "baseY" : 0.9873484
}