{
  "scale" : 0.5042362,
  "baseX" : 0.4183417,
  "baseY" : 1.2584
}