{
  "scale" : 0.5041817,
  "baseX" : 0.4231037,
  "baseY" : 1.486486
}