{
  "scale" : 0.5042334000000001,
  "baseX" : 0.1471774,
  "baseY" : 0.9822064
}