{
  "scale" : 0.5042054,
  "baseX" : 0.4,
  "baseY" : 0.9881245
}