{
  "scale" : 0.5043043,
  "baseX" : 0.571618,
  "baseY" : 0.9750804
}