{
  "scale" : 0.4967008,
  "baseX" : 0.5512341,
  "baseY" : 0.9849532
}