{
  "scale" : 0.4967008,
  "baseX" : 0.6374008,
  "baseY" : 2.868119
}