{
  "scale" : 0.4967008,
  "baseX" : 0.3780069,
  "baseY" : 0.9879741
}