{
  "scale" : 0.4967008,
  "baseX" : 0.4653371,
  "baseY" : 0.9824468
}