{
  "scale" : 0.5105407,
  "baseX" : 0.5114449,
  "baseY" : 0.9619651
}