{
  "scale" : 0.5103474,
  "baseX" : 0.5114449,
  "baseY" : 0.9619651
}