{
  "scale" : 0.512217,
  "baseX" : 0.5114449,
  "baseY" : 0.9619651
}