{
  "scale" : 0.5124587,
  "baseX" : 0.4543288,
  "baseY" : 0.9596838
}