{
  "scale" : 0.5110429,
  "baseX" : 0.4543288,
  "baseY" : 0.9596838
}