{
  "scale" : 0.51205,
  "baseX" : 0.4543288,
  "baseY" : 0.9596838
}