{
  "scale" : 0.5016583,
  "baseX" : 0.411423,
  "baseY" : 4.089992
}