{
  "scale" : 0.4976016,
  "baseX" : 0.4033505,
  "baseY" : 0.9750195
}