{
  "scale" : 0.4985725,
  "baseX" : 0.346516,
  "baseY" : 0.9741784
}