{
  "scale" : 0.2685549,
  "baseX" : 1.16525,
  "baseY" : 0.9695689
}