{
  "scale" : 0.4982003,
  "baseX" : 0.411423,
  "baseY" : 4.089992
}