{
  "scale" : 0.501316,
  "baseX" : 0.346516,
  "baseY" : 0.9741784
}