{
  "scale" : 0.5011762,
  "baseX" : 0.4033505,
  "baseY" : 0.9750195
}