{
  "scale" : 0.2685478,
  "baseX" : 0.9469512,
  "baseY" : 1.664509
}