{
  "scale" : 0.2662862,
  "baseX" : 1.285195,
  "baseY" : 1.118285
}