{
  "scale" : 0.5011201,
  "baseX" : 0.3772321,
  "baseY" : 0.9731708
}