{
  "scale" : 0.497612,
  "baseX" : 0.3772321,
  "baseY" : 0.9731708
}