{
  "scale" : 0.2685604,
  "baseX" : 0.8496106,
  "baseY" : 0.9627364
}