{
  "scale" : 0.4964984,
  "baseX" : 0.8101312,
  "baseY" : 0.9808028
}