{
  "scale" : 0.2685043,
  "baseX" : 1.178561,
  "baseY" : 1.30938
}