{
  "scale" : 0.2662867,
  "baseX" : 0.4694082,
  "baseY" : 1.129691
}