{
  "scale" : 0.5012296000000001,
  "baseX" : 0.4988506,
  "baseY" : 0.974339
}