{
  "scale" : 0.497716,
  "baseX" : 0.4988506,
  "baseY" : 0.974339
}