{
  "scale" : 0.6439528,
  "baseX" : 0.4569579,
  "baseY" : 0.9731438
}