{
  "scale" : 0.6445757,
  "baseX" : 0.518364,
  "baseY" : 0.9741641
}