{
  "scale" : 0.6446412,
  "baseX" : 0.518364,
  "baseY" : 0.9741641
}